lncRNA,miRNA,mRNA,score
FGD5-AS1,hsa-miR-22-3p,PRKACA,0.99823904
NORAD,hsa-miR-30e-5p,SRSF7,0.99823904
FGD5-AS1,hsa-miR-22-3p,TPD52L2,0.99823904
NORAD,hsa-miR-22-3p,MAX,0.99823904
FGD5-AS1,hsa-miR-22-3p,CYCS,0.99823904
FGD5-AS1,hsa-miR-22-3p,HNRNPA3,0.99823904
FGD5-AS1,hsa-miR-22-3p,RBM39,0.99823904
FGD5-AS1,hsa-miR-22-3p,ENO1,0.99823904
FGD5-AS1,hsa-miR-22-3p,MAX,0.99823904
NORAD,hsa-miR-30e-5p,CREG1,0.99823904
NORAD,hsa-miR-30e-5p,PPP1R2,0.99823904
FGD5-AS1,hsa-miR-22-3p,FUBP1,0.99823904
FGD5-AS1,hsa-miR-22-3p,LONP2,0.99823904
FGD5-AS1,hsa-miR-22-3p,TMED4,0.99823904
FGD5-AS1,hsa-miR-22-3p,RPS2,0.99823904
NORAD,hsa-miR-30e-5p,CBX3,0.99823904
NORAD,hsa-miR-22-3p,RPS4X,0.99823904
NORAD,hsa-miR-22-3p,BSG,0.99823904
NORAD,hsa-miR-22-3p,ENO1,0.99823904
NORAD,hsa-miR-22-3p,AKT2,0.99823904
NORAD,hsa-miR-22-3p,ARPC5,0.99823904
NORAD,hsa-miR-25-3p,YBX1,0.99823904
NORAD,hsa-miR-25-3p,TUBB,0.99823904
NORAD,hsa-miR-25-3p,DDX23,0.99823904
NORAD,hsa-miR-25-3p,NPM1,0.99823904
NORAD,hsa-miR-25-3p,SSRP1,0.99823904
NORAD,hsa-miR-25-3p,CHRAC1,0.99823904
FGD5-AS1,hsa-miR-151a-5p,SNRNP200,0.99823904
FGD5-AS1,hsa-miR-151a-5p,CCT3,0.99823904
NORAD,hsa-miR-25-3p,ACP1,0.99823904
NORAD,hsa-miR-25-3p,SZRD1,0.99823904
NORAD,hsa-miR-22-3p,SRSF7,0.99823904
NORAD,hsa-miR-22-3p,PRKACA,0.99823904
NORAD,hsa-miR-22-3p,RPL35A,0.99823904
NORAD,hsa-miR-22-3p,TPD52L2,0.99823904
NORAD,hsa-miR-22-3p,RPS2,0.99823904
NORAD,hsa-miR-22-3p,BTF3,0.99823904
NORAD,hsa-miR-22-3p,TMED4,0.99823904
NORAD,hsa-miR-30e-5p,TANK,0.99823904
NORAD,hsa-miR-30e-5p,RPLP0,0.99823904
NORAD,hsa-miR-30e-5p,RPS8,0.99823904
FGD5-AS1,hsa-miR-151a-5p,NUFIP2,0.99823904
NORAD,hsa-miR-22-3p,RPL24,0.99823904
NORAD,hsa-miR-25-3p,RPL7A,0.99823904
OIP5-AS1,hsa-miR-29a-3p,RPS4X,0.99823904
OIP5-AS1,hsa-miR-29a-3p,CDC42,0.99823904
NORAD,hsa-miR-22-3p,HIF1A,0.99819523
FGD5-AS1,hsa-miR-22-3p,HIF1A,0.99819523
NORAD,hsa-miR-25-3p,CNIH1,0.9981494
NORAD,hsa-miR-25-3p,MFF,0.9981494
NORAD,hsa-miR-25-3p,ARPC3,0.9981494
FGD5-AS1,hsa-miR-151a-5p,ERGIC2,0.9981494
NORAD,hsa-miR-25-3p,ARHGAP17,0.9981494
NORAD,hsa-miR-25-3p,ETFA,0.9981494
NORAD,hsa-miR-25-3p,CLTA,0.9981494
NORAD,hsa-miR-25-3p,ANKIB1,0.9981494
NORAD,hsa-miR-25-3p,RPL9,0.9981494
NORAD,hsa-miR-25-3p,MLEC,0.9981494
NORAD,hsa-miR-25-3p,ARPC5L,0.9981494
FGD5-AS1,hsa-miR-28-5p,TUFM,0.9981494
FGD5-AS1,hsa-miR-28-5p,TMED4,0.9981494
FGD5-AS1,hsa-miR-28-5p,CS,0.9981494
OIP5-AS1,hsa-miR-29a-3p,VDAC1,0.9981494
OIP5-AS1,hsa-miR-29a-3p,HNRNPM,0.9981494
OIP5-AS1,hsa-miR-29a-3p,MORF4L2,0.9981494
OIP5-AS1,hsa-miR-29a-3p,HDGF,0.9981494
FGD5-AS1,hsa-miR-28-5p,USP9X,0.9981494
NORAD,hsa-miR-25-3p,CNOT11,0.9981494
OIP5-AS1,hsa-miR-29a-3p,VHL,0.9981494
OIP5-AS1,hsa-miR-29a-3p,COX7A2L,0.9981494
NORAD,hsa-miR-25-3p,PAIP1,0.9981494
NORAD,hsa-miR-25-3p,MBD1,0.9981494
NORAD,hsa-miR-25-3p,MRPS16,0.9981494
NORAD,hsa-miR-25-3p,TNPO2,0.9981494
NORAD,hsa-miR-25-3p,RPS14,0.9981494
NORAD,hsa-miR-22-3p,BTG1,0.9981494
NORAD,hsa-miR-22-3p,CLPTM1L,0.9981494
FGD5-AS1,hsa-miR-22-3p,ELP5,0.9981494
NORAD,hsa-miR-22-3p,PDHA1,0.9981494
NORAD,hsa-miR-30e-5p,AKIRIN1,0.9981494
NORAD,hsa-miR-25-3p,VMA21,0.9981494
NORAD,hsa-miR-25-3p,DNM1L,0.9981494
NORAD,hsa-miR-25-3p,NRAS,0.9981494
NORAD,hsa-miR-25-3p,CLIC1,0.9981494
NORAD,hsa-miR-30e-5p,GNAI2,0.9981494
NORAD,hsa-miR-30e-5p,RNF220,0.9981494
NORAD,hsa-miR-22-3p,RCC2,0.9981494
FGD5-AS1,hsa-miR-22-3p,EDC3,0.9981494
NORAD,hsa-miR-30e-5p,ZCRB1,0.9981494
NORAD,hsa-miR-30e-5p,UBE2I,0.9981494
NORAD,hsa-miR-30e-5p,ATG12,0.9981494
NORAD,hsa-miR-30e-5p,MIER1,0.9981494
NORAD,hsa-miR-22-3p,EDC3,0.9981494
NORAD,hsa-miR-30e-5p,EEF1A1,0.99813783
NORAD,hsa-miR-22-3p,HMGB1,0.99813783
OIP5-AS1,hsa-miR-29a-3p,EIF3E,0.99812
NORAD,hsa-miR-25-3p,SUPT16H,0.99812
OIP5-AS1,hsa-miR-29a-3p,SH3GLB1,0.99812
NORAD,hsa-miR-30e-5p,STX12,0.99812
EBLN3P,hsa-miR-151a-3p,KBTBD2,0.99804074
EBLN3P,hsa-miR-151a-3p,MCL1,0.99804074
EBLN3P,hsa-miR-151a-3p,PUM1,0.99804074
EBLN3P,hsa-miR-151a-3p,RYBP,0.99804074
OIP5-AS1,hsa-miR-28-5p,TPM4,0.99804074
EBLN3P,hsa-miR-151a-3p,ACP1,0.99804074
EBLN3P,hsa-miR-151a-3p,TNPO1,0.99804074
EBLN3P,hsa-miR-151a-3p,YWHAQ,0.99804074
NORAD,hsa-miR-106b-5p,SRSF2,0.99804074
OIP5-AS1,hsa-miR-30e-5p,PPP1R2,0.99804074
EBLN3P,hsa-miR-29a-3p,MCL1,0.99804074
EBLN3P,hsa-miR-29a-3p,DDX6,0.99804074
EBLN3P,hsa-miR-29a-3p,RPS4X,0.99804074
EBLN3P,hsa-miR-29a-3p,CDC42,0.99804074
EBLN3P,hsa-miR-29a-3p,SH3GLB1,0.99804074
EBLN3P,hsa-miR-29a-3p,SEC31A,0.99804074
OIP5-AS1,hsa-miR-25-3p,DDX23,0.99804074
GAS5,hsa-miR-29a-3p,CDC42,0.99804074
GAS5,hsa-miR-29a-3p,WDR26,0.99804074
EBLN3P,hsa-miR-29a-3p,PTEN,0.99804074
OIP5-AS1,hsa-miR-25-3p,YBX1,0.99804074
OIP5-AS1,hsa-miR-25-3p,UBE2Z,0.99804074
OIP5-AS1,hsa-miR-30d-5p,APLP2,0.99804074
OIP5-AS1,hsa-miR-25-3p,HSP90AA1,0.99804074
OIP5-AS1,hsa-miR-22-3p,RPL35A,0.99804074
OIP5-AS1,hsa-miR-22-3p,SRSF7,0.99804074
OIP5-AS1,hsa-miR-22-3p,RPL24,0.99804074
OIP5-AS1,hsa-miR-22-3p,RBM39,0.99804074
OIP5-AS1,hsa-miR-22-3p,ARPC5,0.99804074
OIP5-AS1,hsa-miR-22-3p,MAX,0.99804074
OIP5-AS1,hsa-miR-22-3p,YWHAZ,0.99804074
OIP5-AS1,hsa-miR-22-3p,RPSA,0.99804074
OIP5-AS1,hsa-miR-22-3p,RPS2,0.99804074
OIP5-AS1,hsa-miR-22-3p,TMED4,0.99804074
OIP5-AS1,hsa-miR-30e-5p,APLP2,0.99804074
OIP5-AS1,hsa-miR-23a-3p,PSAP,0.99804074
OIP5-AS1,hsa-miR-30e-5p,RPS8,0.99804074
OIP5-AS1,hsa-miR-30e-5p,RPS7,0.99804074
OIP5-AS1,hsa-miR-30e-5p,TMED2,0.99804074
OIP5-AS1,hsa-miR-30e-5p,NAP1L1,0.99804074
NORAD,hsa-miR-106b-5p,MSH6,0.99804074
OIP5-AS1,hsa-miR-23a-3p,SDHD,0.99804074
OIP5-AS1,hsa-miR-23a-3p,LDHA,0.99804074
OIP5-AS1,hsa-miR-23a-3p,TPM3,0.99804074
NORAD,hsa-miR-28-3p,CYB5B,0.99804074
NORAD,hsa-miR-28-3p,TIAL1,0.99804074
OIP5-AS1,hsa-miR-23a-3p,PKM,0.99804074
OIP5-AS1,hsa-miR-30e-5p,SRPRA,0.99804074
OIP5-AS1,hsa-miR-30e-5p,MED29,0.99804074
OIP5-AS1,hsa-miR-30e-5p,RPLP0,0.99804074
NORAD,hsa-miR-106b-5p,RNPS1,0.99804074
OIP5-AS1,hsa-miR-30e-5p,SRSF7,0.99804074
NORAD,hsa-miR-106b-5p,TRRAP,0.99804074
NORAD,hsa-miR-106b-5p,U2SURP,0.99804074
NORAD,hsa-miR-106b-5p,PRPF4,0.99804074
FGD5-AS1,hsa-miR-22-3p,CSNK2A1,0.99802434
FGD5-AS1,hsa-miR-28-5p,TEX261,0.99802434
NORAD,hsa-miR-30e-5p,TPRG1L,0.99802434
NORAD,hsa-miR-182-5p,RPS3,0.99799216
NORAD,hsa-miR-106b-5p,PPIA,0.99799216
NORAD,hsa-miR-106b-5p,ANKIB1,0.99794096
NORAD,hsa-miR-106b-5p,ACIN1,0.99794096
NORAD,hsa-miR-106b-5p,RBBP7,0.99794096
NORAD,hsa-miR-106b-5p,CRCP,0.99794096
NORAD,hsa-miR-106b-5p,CBX1,0.99794096
NORAD,hsa-miR-106b-5p,DNM1L,0.99794096
EBLN3P,hsa-miR-151a-3p,MLEC,0.99794096
OIP5-AS1,hsa-miR-30e-5p,VPS41,0.99794096
OIP5-AS1,hsa-miR-30e-5p,ATG5,0.99794096
OIP5-AS1,hsa-miR-30e-5p,STAU1,0.99794096
OIP5-AS1,hsa-miR-23a-3p,BSDC1,0.99794096
OIP5-AS1,hsa-miR-23a-3p,LAMP1,0.99794096
NORAD,hsa-miR-106b-5p,UBE2V2,0.99794096
OIP5-AS1,hsa-miR-25-3p,ARPC3,0.99794096
NORAD,hsa-miR-30d-5p,HNRNPH1,0.99794096
NORAD,hsa-miR-30d-5p,SRSF7,0.99794096
OIP5-AS1,hsa-miR-30e-5p,HSP90AA1,0.99794096
OIP5-AS1,hsa-miR-30e-5p,XPO1,0.99794096
NORAD,hsa-miR-106b-5p,MTPAP,0.99794096
NORAD,hsa-miR-106b-5p,MFN1,0.99794096
OIP5-AS1,hsa-miR-23a-3p,FAM91A1,0.99794096
NORAD,hsa-miR-106b-5p,MTHFD1,0.99794096
NORAD,hsa-miR-106b-5p,DNAJC10,0.99794096
OIP5-AS1,hsa-miR-30e-5p,MIER1,0.99794096
OIP5-AS1,hsa-miR-30e-5p,AKIRIN1,0.99794096
OIP5-AS1,hsa-miR-30e-5p,ZCRB1,0.99794096
OIP5-AS1,hsa-miR-30d-5p,HNRNPH1,0.99794096
OIP5-AS1,hsa-miR-200c-3p,ARPC3,0.99794096
NORAD,hsa-miR-106b-5p,CASP2,0.99794096
EBLN3P,hsa-miR-29a-3p,WDR26,0.9979085
OIP5-AS1,hsa-miR-22-3p,KCTD10,0.9979085
OIP5-AS1,hsa-miR-22-3p,FUBP1,0.9979085
EBLN3P,hsa-miR-29a-3p,CNBP,0.9979085
OIP5-AS1,hsa-miR-29a-3p,GLUL,0.9977381
NORAD,hsa-miR-25-3p,HSPA8,0.9977381
NORAD,hsa-miR-30e-5p,AZIN1,0.997623
NORAD,hsa-miR-30e-5p,XPO1,0.997623
NORAD,hsa-miR-106b-5p,PCBP2,0.9974837
NORAD,hsa-miR-106b-5p,YBX1,0.9974837
OIP5-AS1,hsa-miR-22-3p,RPS4X,0.9974837
OIP5-AS1,hsa-miR-23b-3p,CAP1,0.9974837
OIP5-AS1,hsa-miR-22-3p,SERBP1,0.9974837
OIP5-AS1,hsa-miR-23a-3p,RPS4X,0.9972887
OIP5-AS1,hsa-miR-23a-3p,MCFD2,0.9972887
OIP5-AS1,hsa-miR-23a-3p,HNRNPUL1,0.9972887
OIP5-AS1,hsa-miR-30e-5p,PICALM,0.9972887
NORAD,hsa-miR-30e-5p,MBNL1,0.9969639
NORAD,hsa-miR-30e-5p,TMED2,0.9969639
NORAD,hsa-miR-25-3p,PRRC2A,0.9968094
NORAD,hsa-miR-30e-5p,MED29,0.996807
OIP5-AS1,hsa-miR-30e-5p,MBNL1,0.99653494
OIP5-AS1,hsa-miR-30e-5p,STX12,0.99644804
NORAD,hsa-miR-30d-5p,CPEB4,0.99632734
NORAD,hsa-miR-106b-5p,MAPKAPK5,0.99632734
NORAD,hsa-miR-30d-5p,DDAH1,0.99632734
FGD5-AS1,hsa-miR-151a-5p,FKBP1A,0.99518883
NORAD,hsa-miR-30e-5p,FAM8A1,0.9947929
NORAD,hsa-miR-25-3p,EEF1A1,0.9947608
NORAD,hsa-miR-25-3p,ARF1,0.9947608
FGD5-AS1,hsa-miR-22-3p,SP1,0.9947385
OIP5-AS1,hsa-miR-30e-5p,TANK,0.9944885
OIP5-AS1,hsa-miR-22-3p,HMGB1,0.9944885
FGD5-AS1,hsa-miR-151a-5p,SLC39A9,0.9944112
NORAD,hsa-miR-22-3p,YWHAZ,0.9944112
FGD5-AS1,hsa-miR-22-3p,SRSF7,0.9941544
OIP5-AS1,hsa-miR-29a-3p,CNBP,0.9941544
OIP5-AS1,hsa-miR-29a-3p,MCL1,0.9941544
NORAD,hsa-miR-22-3p,FUBP1,0.9941544
FGD5-AS1,hsa-miR-151a-5p,UBE2Z,0.99406636
NORAD,hsa-miR-25-3p,FKBP1A,0.9937645
FGD5-AS1,hsa-miR-22-3p,YWHAZ,0.9937645
NORAD,hsa-miR-25-3p,HSP90AA1,0.9937645
NORAD,hsa-miR-25-3p,ELOA,0.99374205
OIP5-AS1,hsa-miR-22-3p,HNRNPA3,0.9934994
NORAD,hsa-miR-30e-5p,ZNF207,0.99332494
FGD5-AS1,hsa-miR-22-3p,RPS4X,0.99332494
NORAD,hsa-miR-25-3p,EIF1,0.99281824
OIP5-AS1,hsa-miR-30e-5p,ZNF207,0.9925775
OIP5-AS1,hsa-miR-30e-5p,EEF1A1,0.9925775
OIP5-AS1,hsa-miR-23a-3p,SERINC3,0.99251306
FGD5-AS1,hsa-miR-22-3p,SERBP1,0.9922436
NORAD,hsa-miR-30e-5p,NAP1L1,0.9922436
OIP5-AS1,hsa-miR-30e-5p,GPBP1L1,0.9920145
OIP5-AS1,hsa-miR-23a-3p,DDX5,0.9913762
NORAD,hsa-miR-25-3p,HNRNPA1,0.98128957
NORAD,hsa-miR-22-3p,HNRNPA3,0.98128957
NORAD,hsa-miR-22-3p,SERBP1,0.98128957
FGD5-AS1,hsa-miR-151a-5p,YME1L1,0.98128957
NORAD,hsa-miR-22-3p,RAB5B,0.97981125
NORAD,hsa-miR-22-3p,RBM39,0.979705
NORAD,hsa-miR-30e-5p,APLP2,0.9796922
FGD5-AS1,hsa-miR-22-3p,RAB5B,0.9796922
NORAD,hsa-miR-22-3p,LONP2,0.9781042
NORAD,hsa-miR-25-3p,UBE2Z,0.9762415
OIP5-AS1,hsa-miR-29a-3p,PPT1,0.89857036
OIP5-AS1,hsa-miR-200c-3p,ILF3,0.88840646
FGD5-AS1,hsa-miR-22-3p,DDX6,0.11617394
OIP5-AS1,hsa-miR-29a-3p,YY1,0.11617394
NORAD,hsa-miR-30e-5p,CCT6A,0.01641126
NORAD,hsa-miR-106b-5p,FOXK2,0.014772361
OIP5-AS1,hsa-miR-25-3p,EZR,0.011808289
OIP5-AS1,hsa-miR-30e-5p,ASB3,0.011808289
OIP5-AS1,hsa-miR-30e-5p,SAE1,0.011808289
OIP5-AS1,hsa-miR-23a-3p,MMGT1,0.011808289
EBLN3P,hsa-miR-29a-3p,HDGF,0.011808289
GAS5,hsa-miR-29a-3p,VDAC1,0.011808289
OIP5-AS1,hsa-miR-30d-5p,VPS41,0.011808289
OIP5-AS1,hsa-miR-28-5p,TMED4,0.011808289
OIP5-AS1,hsa-miR-25-3p,TXLNA,0.005367907
NORAD,hsa-miR-182-5p,FLOT1,0.0048715514
OIP5-AS1,hsa-miR-25-3p,PHB2,0.0048715514
OIP5-AS1,hsa-miR-30d-5p,SRSF7,0.0048715514
NORAD,hsa-miR-30e-5p,ELOVL5,0.0045565097
EBLN3P,hsa-miR-29a-3p,VHL,0.0044394284
OIP5-AS1,hsa-miR-30a-5p,APLP2,0.004269497
OIP5-AS1,hsa-miR-23b-3p,BSDC1,0.0040965467
OIP5-AS1,hsa-miR-23a-3p,IMPDH2,0.0040965467
NORAD,hsa-miR-106b-5p,SLC25A5,0.0040631043
OIP5-AS1,hsa-miR-25-3p,MLEC,0.0040631043
OIP5-AS1,hsa-miR-30a-5p,CAPN2,0.0040631043
OIP5-AS1,hsa-miR-25-3p,RPSA,0.0039396877
EBLN3P,hsa-miR-29a-3p,COX7A2L,0.0037347085
GAS5,hsa-miR-29a-3p,SMAD4,0.0037347085
OIP5-AS1,hsa-miR-200c-3p,RAC1,0.0037347085
OIP5-AS1,hsa-miR-25-3p,MBD1,0.0037347085
OIP5-AS1,hsa-miR-30a-5p,ATP6V1B2,0.0037347085
OIP5-AS1,hsa-miR-25-3p,EXOC5,0.0037347085
OIP5-AS1,hsa-miR-30a-5p,CAT,0.0036212313
NORAD,hsa-miR-25-3p,PAWR,0.0035506915
NORAD,hsa-miR-30e-5p,DHX40,0.0035506915
EBLN3P,hsa-miR-29a-3p,ZFP91,0.0034593656
OIP5-AS1,hsa-miR-25-3p,MED29,0.0034593656
OIP5-AS1,hsa-miR-30d-5p,MED29,0.0034593656
EBLN3P,hsa-miR-29a-3p,SYNCRIP,0.0034460677
OIP5-AS1,hsa-miR-30e-5p,FYTTD1,0.0034460677
NORAD,hsa-miR-106b-5p,GABPB1,0.0034460677
OIP5-AS1,hsa-miR-23a-3p,TOP1,0.0034460677
OIP5-AS1,hsa-miR-30e-5p,CAND1,0.0034460677
NORAD,hsa-miR-106b-5p,TSR1,0.0032177903
NORAD,hsa-miR-182-5p,UBAC2,0.003191937
EBLN3P,hsa-miR-151a-3p,MED13,0.003191937
OIP5-AS1,hsa-miR-23a-3p,NDUFV3,0.003191937
GAS5,hsa-miR-29a-3p,MORF4L1,0.00311997
EBLN3P,hsa-miR-29a-3p,MORF4L2,0.002968981
OIP5-AS1,hsa-miR-25-3p,MRPS16,0.002968981
NORAD,hsa-miR-106b-5p,SOX4,0.002968981
NORAD,hsa-miR-106b-5p,GTF2H3,0.002968981
FGD5-AS1,hsa-miR-22-3p,MYCBP,0.0028905594
OIP5-AS1,hsa-miR-30a-5p,SDCBP,0.0027813467
GAS5,hsa-miR-29a-3p,BCAP31,0.0027305202
FGD5-AS1,hsa-miR-28-5p,N4BP1,0.0027124782
OIP5-AS1,hsa-miR-25-3p,RNF4,0.0025983292
OIP5-AS1,hsa-miR-25-3p,PGRMC1,0.0025983292
OIP5-AS1,hsa-miR-25-3p,ARID1B,0.0025983292
OIP5-AS1,hsa-miR-23a-3p,THUMPD3,0.0025983292
GAS5,hsa-miR-29a-3p,YY1,0.0025622733
OIP5-AS1,hsa-miR-25-3p,ARF1,0.0025622733
OIP5-AS1,hsa-miR-25-3p,UBAP2L,0.0025622733
NORAD,hsa-miR-106b-5p,POLR3A,0.0024382076
NORAD,hsa-miR-106b-5p,EIF2S1,0.0024382076
NORAD,hsa-miR-106b-5p,YES1,0.0024382076
NORAD,hsa-miR-361-3p,PFN1,0.0024382076
NORAD,hsa-miR-106b-5p,DAP3,0.0024382076
NORAD,hsa-miR-106b-5p,CBX5,0.0024382076
NORAD,hsa-miR-106b-5p,SLC1A5,0.0024382076
OIP5-AS1,hsa-miR-23b-3p,RPL19,0.0024382076
OIP5-AS1,hsa-miR-200c-3p,PABPC1,0.0024382076
OIP5-AS1,hsa-miR-25-3p,RRN3,0.0023119387
OIP5-AS1,hsa-miR-25-3p,NFYB,0.002178473
GAS5,hsa-miR-29a-3p,CDC42SE1,0.002178473
NORAD,hsa-miR-106b-5p,PLAGL2,0.0021597422
OIP5-AS1,hsa-miR-25-3p,RPS14,0.0021597422
OIP5-AS1,hsa-miR-23b-3p,GANAB,0.0021597422
FGD5-AS1,hsa-miR-22-3p,KDM3A,0.0021245
NORAD,hsa-miR-106b-5p,EMC1,0.0020781534
NORAD,hsa-miR-106b-5p,VDAC1,0.0020265933
OIP5-AS1,hsa-miR-28-5p,TEX261,0.0020265933
OIP5-AS1,hsa-miR-23a-3p,PPP2R5E,0.0020265933
NORAD,hsa-miR-106b-5p,POLR1B,0.0020265933
OIP5-AS1,hsa-miR-25-3p,FKBP1A,0.0020067894
NORAD,hsa-miR-25-3p,BZW1,0.0019715766
NORAD,hsa-miR-30e-5p,CAND1,0.0019715766
GAS5,hsa-miR-29a-3p,MORF4L2,0.0019095687
OIP5-AS1,hsa-miR-23a-3p,DNAJC21,0.0019095687
OIP5-AS1,hsa-miR-22-3p,NUP214,0.0019095687
NORAD,hsa-miR-106b-5p,DDX23,0.0019095687
NORAD,hsa-miR-106b-5p,RPS27A,0.0019095687
NORAD,hsa-miR-106b-5p,LRRC59,0.0019095687
OIP5-AS1,hsa-miR-30e-5p,PRKAA1,0.0019095687
OIP5-AS1,hsa-miR-30d-5p,ZBTB4,0.0018623229
OIP5-AS1,hsa-miR-25-3p,RPL9,0.0017720887
NORAD,hsa-miR-106b-5p,NPLOC4,0.0017720887
EBLN3P,hsa-miR-29a-3p,YY1,0.0017629653
OIP5-AS1,hsa-miR-28-5p,CS,0.0016775371
NORAD,hsa-miR-25-3p,SCAF4,0.0014978802
NORAD,hsa-miR-25-3p,EXOC5,0.0014978802
FGD5-AS1,hsa-miR-28-5p,UMPS,0.0014978802
FGD5-AS1,hsa-miR-22-3p,BTG1,0.0014599082
OIP5-AS1,hsa-miR-25-3p,RBFOX2,0.0014347716
OIP5-AS1,hsa-miR-30a-5p,SNX3,0.0014347716
OIP5-AS1,hsa-miR-29a-3p,CDC42SE1,0.0014241644
NORAD,hsa-miR-25-3p,NFYB,0.0014241644
OIP5-AS1,hsa-miR-25-3p,CNIH1,0.0013983971
NORAD,hsa-miR-106b-5p,GLO1,0.0013462572
NORAD,hsa-miR-106b-5p,TFAM,0.0013462572
NORAD,hsa-miR-182-5p,PFN1,0.0013462572
OIP5-AS1,hsa-miR-22-3p,EDC3,0.0013462572
OIP5-AS1,hsa-miR-200c-3p,BRD7,0.0013121238
OIP5-AS1,hsa-miR-23b-3p,PSAP,0.0012799937
NORAD,hsa-miR-22-3p,MAPK14,0.0010937736
NORAD,hsa-miR-22-3p,LIN7C,0.0009983439
NORAD,hsa-miR-30e-5p,PCMTD2,0.0009983439
OIP5-AS1,hsa-miR-25-3p,HSPA8,0.00094297034
NORAD,hsa-miR-30e-5p,POLDIP3,0.00091646786
NORAD,hsa-miR-30e-5p,PREPL,0.00091646786
NORAD,hsa-miR-25-3p,CTNNBL1,0.00091646786
NORAD,hsa-miR-30e-5p,ZDHHC20,0.00091646786
NORAD,hsa-miR-30e-5p,LIN7C,0.00091646786
FGD5-AS1,hsa-miR-151a-5p,GPN1,0.00091646786
FGD5-AS1,hsa-miR-151a-5p,SLC15A4,0.00091646786
NORAD,hsa-miR-30e-5p,RELA,0.00091646786
NORAD,hsa-miR-25-3p,CNOT2,0.00091646786
NORAD,hsa-miR-25-3p,UBXN4,0.00091631716
OIP5-AS1,hsa-miR-29a-3p,RPL22,0.00091631716
NORAD,hsa-miR-30e-5p,VAPA,0.00091631716
OIP5-AS1,hsa-miR-29a-3p,PTEN,0.00091631716
OIP5-AS1,hsa-miR-29a-3p,PTBP3,0.00091631716
FGD5-AS1,hsa-miR-28-5p,HNRNPC,0.00091631716
NORAD,hsa-miR-30e-5p,PPP1R15B,0.00091631716
NORAD,hsa-miR-22-3p,KCTD10,0.00091631716
FGD5-AS1,hsa-miR-22-3p,RPSA,0.00091631716
NORAD,hsa-miR-25-3p,ZDHHC5,0.00091631716
FGD5-AS1,hsa-miR-28-5p,MORF4L1,0.00091631716
FGD5-AS1,hsa-miR-28-5p,TPM4,0.00091631716
FGD5-AS1,hsa-miR-28-5p,G3BP1,0.00091631716
NORAD,hsa-miR-25-3p,EIF4G2,0.00091631716
NORAD,hsa-miR-30e-5p,ZFAND5,0.00091631716
NORAD,hsa-miR-30e-5p,ARPP19,0.00091631716
NORAD,hsa-miR-30e-5p,CANX,0.00091631716
NORAD,hsa-miR-30e-5p,PICALM,0.00091631716
NORAD,hsa-miR-25-3p,NUCKS1,0.00091631716
OIP5-AS1,hsa-miR-29a-3p,DDX6,0.00091631716
NORAD,hsa-miR-30e-5p,WDR26,0.00091631716
NORAD,hsa-miR-25-3p,GPBP1,0.00091631716
NORAD,hsa-miR-30e-5p,GPBP1L1,0.00091631716
NORAD,hsa-miR-30e-5p,UBXN4,0.00091631716
FGD5-AS1,hsa-miR-151a-5p,EIF4G2,0.00091631716
NORAD,hsa-miR-25-3p,UBAP2L,0.00091631716
FGD5-AS1,hsa-miR-151a-5p,RAB14,0.00091631716
NORAD,hsa-miR-25-3p,DHX9,0.00091631716
FGD5-AS1,hsa-miR-28-5p,MAPK1,0.00091631716
NORAD,hsa-miR-25-3p,SMARCA5,0.00091631716
NORAD,hsa-miR-25-3p,ATP2A2,0.00091631716
FGD5-AS1,hsa-miR-151a-5p,SKP1,0.00091631716
NORAD,hsa-miR-25-3p,DDX3X,0.00091631716
FGD5-AS1,hsa-miR-151a-5p,HSPA8,0.00091631716
NORAD,hsa-miR-25-3p,KIF5B,0.00091631716
NORAD,hsa-miR-25-3p,EIF4EBP2,0.00091631716
NORAD,hsa-miR-25-3p,WASL,0.00091631716
NORAD,hsa-miR-25-3p,GPBP1L1,0.00091631716
NORAD,hsa-miR-25-3p,EIF4B,0.00091631716
NORAD,hsa-miR-25-3p,SMU1,0.00091631716
NORAD,hsa-miR-22-3p,DDX6,0.00091631716
NORAD,hsa-miR-30e-5p,SRPRA,0.00091631716
OIP5-AS1,hsa-miR-29a-3p,MORF4L1,0.00091631716
NORAD,hsa-miR-22-3p,SP1,0.00091631716
OIP5-AS1,hsa-miR-29a-3p,SEC31A,0.00091631716
FGD5-AS1,hsa-miR-22-3p,KCTD10,0.00091631716
FGD5-AS1,hsa-miR-22-3p,ARPC5,0.00091631716
FGD5-AS1,hsa-miR-22-3p,PTEN,0.00091631716
OIP5-AS1,hsa-miR-29a-3p,WDR26,0.00091631716
FGD5-AS1,hsa-miR-22-3p,HMGB1,0.00091631716
NORAD,hsa-miR-22-3p,PTEN,0.00091631716
FGD5-AS1,hsa-miR-22-3p,RPL24,0.00091631716
NORAD,hsa-miR-30e-5p,PRKAR1A,0.00091631716
FGD5-AS1,hsa-miR-22-3p,RPL35A,0.00091631716
FGD5-AS1,hsa-miR-22-3p,BTF3,0.00091631716
OIP5-AS1,hsa-miR-23b-3p,DNAJC21,0.00089724106
FGD5-AS1,hsa-miR-140-5p,PRPF8,0.00089724106
NORAD,hsa-miR-30e-5p,DCTN4,0.0008940877
NORAD,hsa-miR-22-3p,KDM3A,0.0008718793
NORAD,hsa-miR-30e-5p,SAE1,0.0008718793
NORAD,hsa-miR-25-3p,GTF2A1,0.0008718793
NORAD,hsa-miR-25-3p,ANXA11,0.0008718793
NORAD,hsa-miR-25-3p,VPS4B,0.0008718793
NORAD,hsa-miR-25-3p,RRN3,0.0008718793
NORAD,hsa-miR-25-3p,CDC5L,0.0008718793
NORAD,hsa-miR-25-3p,PGRMC1,0.0008718793
OIP5-AS1,hsa-miR-29a-3p,SMAD4,0.0008718793
FGD5-AS1,hsa-miR-28-5p,TLK1,0.0008718793
FGD5-AS1,hsa-miR-28-5p,RAP1B,0.0008718793
FGD5-AS1,hsa-miR-28-5p,SNX1,0.0008718793
OIP5-AS1,hsa-miR-29a-3p,ZFP91,0.0008718793
FGD5-AS1,hsa-miR-28-5p,TMEM167A,0.0008718793
NORAD,hsa-miR-25-3p,RNF4,0.0008718793
NORAD,hsa-miR-30e-5p,VPS41,0.0008718793
OIP5-AS1,hsa-miR-29a-3p,CPEB4,0.0008718793
NORAD,hsa-miR-30e-5p,TSPYL1,0.0008718793
OIP5-AS1,hsa-miR-29a-3p,SYNCRIP,0.0008718793
OIP5-AS1,hsa-miR-29a-3p,OTUD4,0.0008718793
NORAD,hsa-miR-30e-5p,PPP3CB,0.0008718793
NORAD,hsa-miR-30e-5p,PRKAA1,0.0008718793
NORAD,hsa-miR-30e-5p,KPNA6,0.0008718793
NORAD,hsa-miR-30e-5p,JAK1,0.0008718793
NORAD,hsa-miR-25-3p,MAP2K4,0.0008718793
NORAD,hsa-miR-25-3p,PRPF8,0.0008718793
FGD5-AS1,hsa-miR-28-5p,YIPF6,0.0008718793
NORAD,hsa-miR-25-3p,NUFIP2,0.0008718793
NORAD,hsa-miR-25-3p,RBFOX2,0.0008718793
NORAD,hsa-miR-25-3p,SMAD5,0.0008718793
NORAD,hsa-miR-30e-5p,MTDH,0.0008718793
NORAD,hsa-miR-30e-5p,KIF5B,0.0008718793
NORAD,hsa-miR-25-3p,TXLNA,0.0008718793
NORAD,hsa-miR-25-3p,PRKAR1A,0.0008718793
NORAD,hsa-miR-25-3p,SPCS3,0.0008718793
NORAD,hsa-miR-25-3p,ARID1B,0.0008718793
NORAD,hsa-miR-30e-5p,RAD23B,0.0008718793
NORAD,hsa-miR-30e-5p,HSP90AA1,0.0008718793
NORAD,hsa-miR-25-3p,WDR11,0.0008718793
NORAD,hsa-miR-25-3p,AP3M1,0.0008718793
NORAD,hsa-miR-30e-5p,STAU1,0.0008718793
NORAD,hsa-miR-30e-5p,FYTTD1,0.0008718793
NORAD,hsa-miR-22-3p,CSNK2A1,0.0008718793
FGD5-AS1,hsa-miR-22-3p,MAPK14,0.0008718793
FGD5-AS1,hsa-miR-22-3p,ZFP91,0.0008718793
NORAD,hsa-miR-30e-5p,RAB10,0.0008718793
NORAD,hsa-miR-22-3p,CREB1,0.0008718793
NORAD,hsa-miR-22-3p,NUP214,0.0008718793
NORAD,hsa-miR-30e-5p,SETD3,0.0008718793
NORAD,hsa-miR-30e-5p,TNKS2,0.0008718793
FGD5-AS1,hsa-miR-22-3p,CREB1,0.0008718793
FGD5-AS1,hsa-miR-22-3p,LIN7C,0.0008718793
NORAD,hsa-miR-22-3p,ZFP91,0.0008718793
NORAD,hsa-miR-30e-5p,BTBD1,0.0008718793
NORAD,hsa-miR-30e-5p,MBNL2,0.0008718793
NORAD,hsa-miR-30e-5p,NRBP1,0.0008718793
FGD5-AS1,hsa-miR-28-5p,ZFP91,0.0008718793
NORAD,hsa-miR-25-3p,KLHDC10,0.0008718793
NORAD,hsa-miR-25-3p,YIPF4,0.0008718793
NORAD,hsa-miR-25-3p,MED29,0.0008718793
NORAD,hsa-miR-25-3p,EZR,0.0008718793
NORAD,hsa-miR-25-3p,PTEN,0.0008718793
NORAD,hsa-miR-25-3p,CNOT4,0.0008718793
NORAD,hsa-miR-25-3p,ATF7IP,0.0008718793
OIP5-AS1,hsa-miR-22-3p,LONP2,0.0008656316
NORAD,hsa-miR-106b-5p,PTGES3,0.0008656316
OIP5-AS1,hsa-miR-25-3p,SMU1,0.0008656316
OIP5-AS1,hsa-miR-30a-5p,STX7,0.0008656316
OIP5-AS1,hsa-miR-25-3p,ACP1,0.0008656316
NORAD,hsa-miR-30d-5p,FAM8A1,0.0008656316
OIP5-AS1,hsa-miR-25-3p,ZDHHC5,0.0008656316
GAS5,hsa-miR-29a-3p,OAZ1,0.0008656316
OIP5-AS1,hsa-miR-25-3p,CNOT4,0.00082364975
NORAD,hsa-miR-106b-5p,VTI1A,0.00082364975
NORAD,hsa-miR-106b-5p,FAM91A1,0.00082364975
NORAD,hsa-miR-106b-5p,RNF115,0.00082364975
NORAD,hsa-miR-106b-5p,DNAJB6,0.00082364975
NORAD,hsa-miR-106b-5p,C2orf69,0.00082364975
OIP5-AS1,hsa-miR-23b-3p,PPM1A,0.00082364975
OIP5-AS1,hsa-miR-30e-5p,SETD3,0.00082364975
OIP5-AS1,hsa-miR-30e-5p,KPNA6,0.00082364975
OIP5-AS1,hsa-miR-200c-3p,CCNT2,0.00082364975
OIP5-AS1,hsa-miR-23a-3p,SCAMP2,0.00082364975
OIP5-AS1,hsa-miR-25-3p,ATF7IP,0.00082364975
OIP5-AS1,hsa-miR-23a-3p,PEX26,0.00082364975
OIP5-AS1,hsa-miR-30a-5p,GABARAPL2,0.00082364975
OIP5-AS1,hsa-miR-23b-3p,TPM3,0.00082364975
NORAD,hsa-miR-30d-5p,PREPL,0.00082364975
OIP5-AS1,hsa-miR-30e-5p,CREG1,0.0008235144
OIP5-AS1,hsa-miR-30e-5p,PRKAR1A,0.0008235144
NORAD,hsa-miR-106b-5p,SF3B3,0.0008235144
OIP5-AS1,hsa-miR-23a-3p,PDCD6IP,0.0008235144
NORAD,hsa-miR-106b-5p,HNRNPR,0.0008235144
NORAD,hsa-miR-106b-5p,GNAS,0.0008235144
OIP5-AS1,hsa-miR-28-5p,MAPK1,0.0008235144
OIP5-AS1,hsa-miR-28-5p,MORF4L1,0.0008235144
OIP5-AS1,hsa-miR-30e-5p,ZFAND5,0.0008235144
OIP5-AS1,hsa-miR-30e-5p,ARPP19,0.0008235144
OIP5-AS1,hsa-miR-30e-5p,VAPA,0.0008235144
OIP5-AS1,hsa-miR-30e-5p,CANX,0.0008235144
OIP5-AS1,hsa-miR-23b-3p,CSDE1,0.0008235144
OIP5-AS1,hsa-miR-28-5p,HNRNPC,0.0008235144
EBLN3P,hsa-miR-151a-3p,UHMK1,0.0008235144
OIP5-AS1,hsa-miR-23b-3p,HNRNPK,0.0008235144
OIP5-AS1,hsa-miR-22-3p,DDX6,0.0008235144
OIP5-AS1,hsa-miR-23b-3p,EEF1A1,0.0008235144
NORAD,hsa-miR-106b-5p,MKRN1,0.0008235144
OIP5-AS1,hsa-miR-30e-5p,PPP1R15B,0.0008235144
OIP5-AS1,hsa-miR-23b-3p,DSTN,0.0008235144
OIP5-AS1,hsa-miR-23b-3p,PPP1CB,0.0008235144
OIP5-AS1,hsa-miR-23a-3p,STT3B,0.0008235144
NORAD,hsa-miR-106b-5p,NUP98,0.0008235144
NORAD,hsa-miR-106b-5p,ADAR,0.0008235144
OIP5-AS1,hsa-miR-30a-5p,TSPYL1,0.0008235144
NORAD,hsa-miR-106b-5p,POFUT1,0.0008235144
OIP5-AS1,hsa-miR-30a-5p,VAMP3,0.0008235144
OIP5-AS1,hsa-miR-23a-3p,PTEN,0.0008235144
OIP5-AS1,hsa-miR-23a-3p,SSR1,0.0008235144
OIP5-AS1,hsa-miR-30a-5p,STX12,0.0008235144
OIP5-AS1,hsa-miR-23a-3p,XIAP,0.0008235144
OIP5-AS1,hsa-miR-30e-5p,WDR26,0.0008235144
OIP5-AS1,hsa-miR-23a-3p,DSTN,0.0008235144
OIP5-AS1,hsa-miR-23a-3p,TOR1AIP1,0.0008235144
OIP5-AS1,hsa-miR-25-3p,EIF4B,0.0008235144
GAS5,hsa-miR-29a-3p,RPS4X,0.0008235144
OIP5-AS1,hsa-miR-30a-5p,EEF1A1,0.0008235144
OIP5-AS1,hsa-miR-23a-3p,CSDE1,0.0008235144
OIP5-AS1,hsa-miR-23a-3p,STARD7,0.0008235144
OIP5-AS1,hsa-miR-22-3p,SP1,0.0008235144
NORAD,hsa-miR-30d-5p,ZFAND5,0.0008235144
NORAD,hsa-miR-182-5p,RPS4X,0.0008235144
OIP5-AS1,hsa-miR-30d-5p,FAM8A1,0.0008235144
OIP5-AS1,hsa-miR-23b-3p,PTEN,0.0008235144
NORAD,hsa-miR-28-3p,EIF4G2,0.0008235144
NORAD,hsa-miR-28-3p,MAPK1,0.0008235144
NORAD,hsa-miR-28-3p,TMEM30A,0.0008235144
OIP5-AS1,hsa-miR-25-3p,ELOA,0.0008235144
OIP5-AS1,hsa-miR-25-3p,NUCKS1,0.0008235144
EBLN3P,hsa-miR-29a-3p,PTBP3,0.0008235144
GAS5,hsa-miR-29a-3p,RPL22,0.0008235144
GAS5,hsa-miR-29a-3p,CNBP,0.0008235144
OIP5-AS1,hsa-miR-23a-3p,TMED7,0.0008235144
OIP5-AS1,hsa-miR-23a-3p,TNPO1,0.0008235144
OIP5-AS1,hsa-miR-25-3p,NPM1,0.0008235144
OIP5-AS1,hsa-miR-25-3p,EEF1A1,0.0008235144
EBLN3P,hsa-miR-29a-3p,EIF3E,0.0008235144
NORAD,hsa-miR-30d-5p,ZBTB4,0.0008235144
NORAD,hsa-miR-30d-5p,APLP2,0.0008235144
OIP5-AS1,hsa-miR-25-3p,DHX9,0.0008235144
OIP5-AS1,hsa-miR-25-3p,GPBP1,0.0008235144
OIP5-AS1,hsa-miR-25-3p,SMARCA5,0.0008235144
OIP5-AS1,hsa-miR-25-3p,RPL7A,0.0008235144
OIP5-AS1,hsa-miR-25-3p,EIF4G2,0.0008235144
OIP5-AS1,hsa-miR-25-3p,EIF1,0.0008235144
OIP5-AS1,hsa-miR-25-3p,ATP2A2,0.0008235144
NORAD,hsa-miR-106b-5p,YTHDC1,0.0008235144
NORAD,hsa-miR-106b-5p,TBL1XR1,0.0008235144
OIP5-AS1,hsa-miR-25-3p,DDX3X,0.0008235144
OIP5-AS1,hsa-miR-25-3p,KIF5B,0.0008235144
OIP5-AS1,hsa-miR-25-3p,UBXN4,0.0008235144
OIP5-AS1,hsa-miR-25-3p,GPBP1L1,0.0008235144
OIP5-AS1,hsa-miR-30d-5p,PRKAR1A,0.0008235144
NORAD,hsa-miR-30d-5p,PRKAR1A,0.0008235144
OIP5-AS1,hsa-miR-22-3p,PTEN,0.0008235144
OIP5-AS1,hsa-miR-200c-3p,SP1,0.0008235144
OIP5-AS1,hsa-miR-30d-5p,ZFAND5,0.0008235144
OIP5-AS1,hsa-miR-25-3p,HNRNPA1,0.0008235144
OIP5-AS1,hsa-miR-22-3p,RAB5B,0.0008235144
OIP5-AS1,hsa-miR-25-3p,EIF4EBP2,0.0008235144
OIP5-AS1,hsa-miR-25-3p,WASL,0.0008235144
OIP5-AS1,hsa-miR-22-3p,BTF3,0.0008235144
NORAD,hsa-miR-106b-5p,ACTR2,0.0008235144
NORAD,hsa-miR-106b-5p,NAA50,0.0008235144
OIP5-AS1,hsa-miR-30e-5p,UBXN4,0.0008235144
NORAD,hsa-miR-106b-5p,YWHAZ,0.0008235144
NORAD,hsa-miR-106b-5p,WAC,0.0008235144
NORAD,hsa-miR-106b-5p,RAD23B,0.0008235144
NORAD,hsa-miR-106b-5p,EIF4G2,0.0008235144
NORAD,hsa-miR-106b-5p,HMGB1,0.0008235144
NORAD,hsa-miR-106b-5p,EIF4H,0.0008235144
OIP5-AS1,hsa-miR-28-5p,G3BP1,0.0008235144
NORAD,hsa-miR-106b-5p,PPP6R3,0.0008235144
NORAD,hsa-miR-106b-5p,HNRNPL,0.0008235144
OIP5-AS1,hsa-miR-23b-3p,PDCD6IP,0.00080353447
OIP5-AS1,hsa-miR-30e-5p,DCTN4,0.00080353447
NORAD,hsa-miR-30d-5p,VAPA,0.00080353447
OIP5-AS1,hsa-miR-30d-5p,VAPA,0.00080353447
OIP5-AS1,hsa-miR-28-5p,YIPF6,0.00078357355
OIP5-AS1,hsa-miR-28-5p,TMEM167A,0.00078357355
OIP5-AS1,hsa-miR-28-5p,N4BP1,0.00078357355
OIP5-AS1,hsa-miR-140-5p,RNF149,0.00078357355
OIP5-AS1,hsa-miR-140-5p,SPCS3,0.00078357355
FGD5-AS1,hsa-miR-140-5p,RNF149,0.00078357355
OIP5-AS1,hsa-miR-30a-5p,MBNL1,0.00078357355
OIP5-AS1,hsa-miR-30a-5p,MAP1LC3B,0.00078357355
OIP5-AS1,hsa-miR-30a-5p,EIF1,0.00078357355
OIP5-AS1,hsa-miR-30a-5p,MBNL2,0.00078357355
NORAD,hsa-miR-106b-5p,CLTC,0.00078357355
NORAD,hsa-miR-106b-5p,SETD2,0.00078357355
NORAD,hsa-miR-106b-5p,TAX1BP1,0.00078357355
NORAD,hsa-miR-106b-5p,TMBIM6,0.00078357355
NORAD,hsa-miR-106b-5p,ARCN1,0.00078357355
OIP5-AS1,hsa-miR-140-5p,PRPF8,0.00078357355
NORAD,hsa-miR-106b-5p,STAT3,0.00078357355
NORAD,hsa-miR-106b-5p,IPO7,0.00078357355
NORAD,hsa-miR-106b-5p,PPP1R15B,0.00078357355
NORAD,hsa-miR-106b-5p,RPL7,0.00078357355
NORAD,hsa-miR-106b-5p,CNOT7,0.00078357355
NORAD,hsa-miR-106b-5p,HUWE1,0.00078357355
NORAD,hsa-miR-106b-5p,CREB1,0.00078357355
NORAD,hsa-miR-106b-5p,WDR33,0.00078357355
NORAD,hsa-miR-106b-5p,SKIL,0.00078357355
NORAD,hsa-miR-106b-5p,ICMT,0.00078357355
NORAD,hsa-miR-106b-5p,PLRG1,0.00078357355
NORAD,hsa-miR-106b-5p,ITCH,0.00078357355
NORAD,hsa-miR-106b-5p,YTHDF2,0.00078357355
NORAD,hsa-miR-106b-5p,YIPF4,0.00078357355
NORAD,hsa-miR-106b-5p,TMEM123,0.00078357355
NORAD,hsa-miR-106b-5p,MAP3K2,0.00078357355
NORAD,hsa-miR-106b-5p,RAB22A,0.00078357355
NORAD,hsa-miR-106b-5p,DDX17,0.00078357355
NORAD,hsa-miR-106b-5p,ETF1,0.00078357355
NORAD,hsa-miR-106b-5p,ATXN7L3B,0.00078357355
NORAD,hsa-miR-106b-5p,AP2B1,0.00078357355
NORAD,hsa-miR-106b-5p,RLIM,0.00078357355
NORAD,hsa-miR-106b-5p,DNTTIP2,0.00078357355
NORAD,hsa-miR-106b-5p,KLF3,0.00078357355
NORAD,hsa-miR-106b-5p,AP1G1,0.00078357355
NORAD,hsa-miR-106b-5p,RAB5B,0.00078357355
NORAD,hsa-miR-106b-5p,MFN2,0.00078357355
NORAD,hsa-miR-106b-5p,EIF3F,0.00078357355
NORAD,hsa-miR-106b-5p,ABI2,0.00078357355
NORAD,hsa-miR-106b-5p,FAM199X,0.00078357355
OIP5-AS1,hsa-miR-30e-5p,KIF5B,0.00078357355
OIP5-AS1,hsa-miR-30e-5p,ATG12,0.00078357355
OIP5-AS1,hsa-miR-30e-5p,FAM8A1,0.00078357355
OIP5-AS1,hsa-miR-30e-5p,MTDH,0.00078357355
OIP5-AS1,hsa-miR-200c-3p,RHOA,0.00078357355
OIP5-AS1,hsa-miR-200c-3p,XIAP,0.00078357355
OIP5-AS1,hsa-miR-200c-3p,UBQLN1,0.00078357355
OIP5-AS1,hsa-miR-25-3p,MFF,0.00078357355
OIP5-AS1,hsa-miR-25-3p,SPCS3,0.00078357355
OIP5-AS1,hsa-miR-30d-5p,SETD3,0.00078357355
OIP5-AS1,hsa-miR-30d-5p,CPEB4,0.00078357355
NORAD,hsa-miR-30d-5p,UBXN4,0.00078357355
NORAD,hsa-miR-30d-5p,STX12,0.00078357355
OIP5-AS1,hsa-miR-22-3p,BTG1,0.00078357355
OIP5-AS1,hsa-miR-22-3p,MAPK14,0.00078357355
OIP5-AS1,hsa-miR-22-3p,CSNK2A1,0.00078357355
OIP5-AS1,hsa-miR-30d-5p,DCTN4,0.00078357355
OIP5-AS1,hsa-miR-30d-5p,PREPL,0.00078357355
OIP5-AS1,hsa-miR-30d-5p,TSPYL1,0.00078357355
OIP5-AS1,hsa-miR-30d-5p,PTAR1,0.00078357355
OIP5-AS1,hsa-miR-30d-5p,NAP1L1,0.00078357355
NORAD,hsa-miR-30d-5p,ARPP19,0.00078357355
NORAD,hsa-miR-30d-5p,PCMTD2,0.00078357355
NORAD,hsa-miR-30d-5p,NAP1L1,0.00078357355
OIP5-AS1,hsa-miR-25-3p,ETFA,0.00078357355
OIP5-AS1,hsa-miR-25-3p,ANXA11,0.00078357355
OIP5-AS1,hsa-miR-25-3p,AP3M1,0.00078357355
OIP5-AS1,hsa-miR-25-3p,WDR11,0.00078357355
OIP5-AS1,hsa-miR-25-3p,SMAD5,0.00078357355
OIP5-AS1,hsa-miR-25-3p,VPS4B,0.00078357355
OIP5-AS1,hsa-miR-25-3p,PRPF8,0.00078357355
GAS5,hsa-miR-29a-3p,HDGF,0.00078357355
NORAD,hsa-miR-361-3p,VCP,0.00078357355
NORAD,hsa-miR-361-3p,EEF1A1,0.00078357355
NORAD,hsa-miR-361-3p,ANP32A,0.00078357355
NORAD,hsa-miR-361-3p,HNRNPF,0.00078357355
OIP5-AS1,hsa-miR-25-3p,CDC5L,0.00078357355
OIP5-AS1,hsa-miR-25-3p,YIPF4,0.00078357355
OIP5-AS1,hsa-miR-25-3p,GTF2A1,0.00078357355
OIP5-AS1,hsa-miR-25-3p,NUFIP2,0.00078357355
OIP5-AS1,hsa-miR-25-3p,CNOT2,0.00078357355
OIP5-AS1,hsa-miR-25-3p,BZW1,0.00078357355
OIP5-AS1,hsa-miR-25-3p,PTEN,0.00078357355
OIP5-AS1,hsa-miR-25-3p,MAP2K4,0.00078357355
NORAD,hsa-miR-30d-5p,SETD3,0.00078357355
NORAD,hsa-miR-30d-5p,TPRG1L,0.00078357355
NORAD,hsa-miR-30d-5p,MED29,0.00078357355
OIP5-AS1,hsa-miR-30a-5p,SEC62,0.00078357355
OIP5-AS1,hsa-miR-30a-5p,SYPL1,0.00078357355
NORAD,hsa-miR-28-3p,ARPP19,0.00078357355
OIP5-AS1,hsa-miR-23a-3p,PNRC2,0.00078357355
OIP5-AS1,hsa-miR-23a-3p,ERBIN,0.00078357355
EBLN3P,hsa-miR-29a-3p,SMAD4,0.00078357355
EBLN3P,hsa-miR-29a-3p,CDC42SE1,0.00078357355
GAS5,hsa-miR-29a-3p,COX7A2L,0.00078357355
NORAD,hsa-miR-28-3p,EZR,0.00078357355
NORAD,hsa-miR-28-3p,SNX1,0.00078357355
OIP5-AS1,hsa-miR-30a-5p,SPCS3,0.00078357355
OIP5-AS1,hsa-miR-30a-5p,ARPC5,0.00078357355
OIP5-AS1,hsa-miR-30a-5p,JAK1,0.00078357355
OIP5-AS1,hsa-miR-23b-3p,SSR1,0.00078357355
OIP5-AS1,hsa-miR-23b-3p,CDC73,0.00078357355
OIP5-AS1,hsa-miR-30d-5p,PGGT1B,0.00078357355
OIP5-AS1,hsa-miR-22-3p,LIN7C,0.00078357355
NORAD,hsa-miR-30d-5p,MCL1,0.00078357355
NORAD,hsa-miR-30d-5p,PGGT1B,0.00078357355
NORAD,hsa-miR-30d-5p,DCTN4,0.00078357355
NORAD,hsa-miR-30d-5p,TSPYL1,0.00078357355
NORAD,hsa-miR-30d-5p,VPS41,0.00078357355
NORAD,hsa-miR-182-5p,PPP1R11,0.00078357355
NORAD,hsa-miR-182-5p,RBM12,0.00078357355
OIP5-AS1,hsa-miR-30d-5p,KIF5B,0.00078357355
OIP5-AS1,hsa-miR-30d-5p,UBXN4,0.00078357355
OIP5-AS1,hsa-miR-30d-5p,STX12,0.00078357355
OIP5-AS1,hsa-miR-30d-5p,MCL1,0.00078357355
OIP5-AS1,hsa-miR-22-3p,CREB1,0.00078357355
NORAD,hsa-miR-182-5p,RPL7L1,0.00078357355
NORAD,hsa-miR-182-5p,LZIC,0.00078357355
NORAD,hsa-miR-182-5p,STAG2,0.00078357355
NORAD,hsa-miR-182-5p,CREB1,0.00078357355
NORAD,hsa-miR-182-5p,RPL5,0.00078357355
NORAD,hsa-miR-182-5p,LSM14A,0.00078357355
OIP5-AS1,hsa-miR-23b-3p,SERINC3,0.00078357355
OIP5-AS1,hsa-miR-23b-3p,ATG12,0.00078357355
OIP5-AS1,hsa-miR-23b-3p,TMED7,0.00078357355
OIP5-AS1,hsa-miR-23b-3p,ERBIN,0.00078357355
OIP5-AS1,hsa-miR-23b-3p,MED4,0.00078357355
OIP5-AS1,hsa-miR-30a-5p,RAB14,0.00078357355
OIP5-AS1,hsa-miR-30a-5p,CNDP2,0.00078357355
OIP5-AS1,hsa-miR-30e-5p,TNKS2,0.00078357355
OIP5-AS1,hsa-miR-23a-3p,SPTY2D1,0.00078357355
OIP5-AS1,hsa-miR-23a-3p,ATXN7L3B,0.00078357355
OIP5-AS1,hsa-miR-23a-3p,JMJD1C,0.00078357355
OIP5-AS1,hsa-miR-23a-3p,KLF3,0.00078357355
OIP5-AS1,hsa-miR-30e-5p,RAD23B,0.00078357355
OIP5-AS1,hsa-miR-30e-5p,ZDHHC20,0.00078357355
OIP5-AS1,hsa-miR-30e-5p,MBNL2,0.00078357355
OIP5-AS1,hsa-miR-30e-5p,BTBD1,0.00078357355
OIP5-AS1,hsa-miR-30a-5p,SON,0.00078357355
OIP5-AS1,hsa-miR-30a-5p,ZFAND5,0.00078357355
OIP5-AS1,hsa-miR-23a-3p,RPL7L1,0.00078357355
OIP5-AS1,hsa-miR-23a-3p,NUFIP2,0.00078357355
OIP5-AS1,hsa-miR-30a-5p,PPP2R5C,0.00078357355
OIP5-AS1,hsa-miR-30a-5p,ADPGK,0.00078357355
OIP5-AS1,hsa-miR-30a-5p,UBL3,0.00078357355
OIP5-AS1,hsa-miR-30a-5p,TMEM59,0.00078357355
OIP5-AS1,hsa-miR-30a-5p,RBMS1,0.00078357355
OIP5-AS1,hsa-miR-30a-5p,CAST,0.00078357355
NORAD,hsa-miR-106b-5p,TXLNA,0.00078357355
NORAD,hsa-miR-106b-5p,TRIP12,0.00078357355
NORAD,hsa-miR-106b-5p,CNOT4,0.00078357355
NORAD,hsa-miR-106b-5p,DDX5,0.00078357355
NORAD,hsa-miR-106b-5p,MAPK1,0.00078357355
NORAD,hsa-miR-106b-5p,MAVS,0.00078357355
NORAD,hsa-miR-106b-5p,SH3GLB1,0.00078357355
NORAD,hsa-miR-106b-5p,PTP4A2,0.00078357355
NORAD,hsa-miR-106b-5p,WIPF2,0.00078357355
NORAD,hsa-miR-106b-5p,FBXO21,0.00078357355
NORAD,hsa-miR-106b-5p,PURB,0.00078357355
NORAD,hsa-miR-106b-5p,FBXW2,0.00078357355
NORAD,hsa-miR-106b-5p,CDC42,0.00078357355
NORAD,hsa-miR-106b-5p,THADA,0.00078357355
NORAD,hsa-miR-106b-5p,UBC,0.00078357355
NORAD,hsa-miR-106b-5p,PPM1B,0.00078357355
NORAD,hsa-miR-106b-5p,PPP3R1,0.00078357355
NORAD,hsa-miR-106b-5p,FNBP1L,0.00078357355
NORAD,hsa-miR-106b-5p,TRPC4AP,0.00078357355
NORAD,hsa-miR-106b-5p,NRBP1,0.00078357355
NORAD,hsa-miR-106b-5p,MCL1,0.00078357355
NORAD,hsa-miR-106b-5p,CSDE1,0.00078357355
NORAD,hsa-miR-106b-5p,NCOA3,0.00078357355
NORAD,hsa-miR-106b-5p,FOXJ3,0.00078357355
NORAD,hsa-miR-106b-5p,SMG7,0.00078357355
NORAD,hsa-miR-106b-5p,WASL,0.00078357355
NORAD,hsa-miR-106b-5p,KMT5B,0.00078357355
OIP5-AS1,hsa-miR-23b-3p,TOR1AIP1,0.00078357355
OIP5-AS1,hsa-miR-23b-3p,UBR3,0.00078357355
OIP5-AS1,hsa-miR-23b-3p,COPA,0.00078357355
OIP5-AS1,hsa-miR-22-3p,ZFP91,0.00078357355
OIP5-AS1,hsa-miR-23b-3p,PNRC2,0.00078357355
OIP5-AS1,hsa-miR-23b-3p,RPL22,0.00078357355
OIP5-AS1,hsa-miR-23b-3p,ATXN10,0.00078357355
OIP5-AS1,hsa-miR-23b-3p,HNRNPL,0.00078357355
OIP5-AS1,hsa-miR-23b-3p,STARD7,0.00078357355
OIP5-AS1,hsa-miR-23b-3p,ATXN7L3B,0.00078357355
OIP5-AS1,hsa-miR-23b-3p,ITFG1,0.00078357355
OIP5-AS1,hsa-miR-23b-3p,ARFIP1,0.00078357355
OIP5-AS1,hsa-miR-23b-3p,RAB5B,0.00078357355
OIP5-AS1,hsa-miR-23b-3p,MAP4,0.00078357355
OIP5-AS1,hsa-miR-23b-3p,UQCRC2,0.00078357355
OIP5-AS1,hsa-miR-23b-3p,NPM1,0.00078357355
OIP5-AS1,hsa-miR-23b-3p,G3BP1,0.00078357355
OIP5-AS1,hsa-miR-23b-3p,RPS27A,0.00078357355
OIP5-AS1,hsa-miR-28-5p,TLK1,0.00078357355
OIP5-AS1,hsa-miR-23b-3p,GHITM,0.00078357355
NORAD,hsa-miR-106b-5p,PAFAH1B1,0.00078357355
NORAD,hsa-miR-106b-5p,PPP6C,0.00078357355
NORAD,hsa-miR-106b-5p,CRK,0.00078357355
OIP5-AS1,hsa-miR-30e-5p,POLDIP3,0.00078357355
OIP5-AS1,hsa-miR-28-5p,USP9X,0.00078357355
OIP5-AS1,hsa-miR-28-5p,SNX1,0.00078357355
OIP5-AS1,hsa-miR-28-5p,ZFP91,0.00078357355
OIP5-AS1,hsa-miR-30e-5p,PREPL,0.00078357355
OIP5-AS1,hsa-miR-30e-5p,TSPYL1,0.00078357355
OIP5-AS1,hsa-miR-30e-5p,JAK1,0.00078357355
OIP5-AS1,hsa-miR-30e-5p,RAB10,0.00078357355
OIP5-AS1,hsa-miR-30e-5p,PPP3CB,0.00078357355
NORAD,hsa-miR-106b-5p,LAMC1,0.00078357355
NORAD,hsa-miR-106b-5p,WDR1,0.00078357355
OIP5-AS1,hsa-miR-30e-5p,LIN7C,0.00078357355
OIP5-AS1,hsa-miR-30a-5p,REEP5,0.00078357355
OIP5-AS1,hsa-miR-30a-5p,NDFIP1,0.00078357355
OIP5-AS1,hsa-miR-30a-5p,LRRFIP1,0.00078357355
NORAD,hsa-miR-132-5p,YWHAG,0.00078357355
NORAD,hsa-miR-106b-5p,RAB10,0.00078357355
NORAD,hsa-miR-106b-5p,NUFIP2,0.00078357355
NORAD,hsa-miR-106b-5p,USP48,0.00078357355
NORAD,hsa-miR-106b-5p,LZIC,0.00078357355
